StrategyID,Strategy,StrategyComplexity,MatchedBaseStrategyID,AcceptanceRule,RequireModelAgreement,UseViewSD,UseKNN,SelectedK,ConfidenceThreshold,ViewSDThreshold,KNNPercentileThreshold,ViewSDGateActive,KNNGateActive,TotalCount,AcceptedCount,DeferredCount,Coverage,CoveragePercent,ReviewRate,ReviewRatePercent,AcceptedErrors,AcceptedErrorRate,AcceptedAccuracy,AcceptedSensitivity,AcceptedSpecificity,AcceptedBalancedAccuracy,AcceptedTruePositives,AcceptedTrueNegatives,AcceptedFalsePositives,AcceptedFalseNegatives,FalseNegativesAmongAccepted,DataScope,TestStatus,TargetCoveragePercent,TargetAcceptedCount,CoverageDeviationPercentagePoints,MatchedBaseAcceptedErrors,MatchedBaseFalseNegatives,ErrorDifferenceVsMatchedBase,FalseNegativeDifferenceVsMatchedBase,StrictImprovementAtMatchedAcceptedCount,BaseMaxCoverageAtSameErrorConstraint,KNNMaxCoverageAtSameErrorConstraint,StrictHigherCoverageAtSameErrorConstraint,AnyStrictKNNImprovement
c,C,1,,PrimaryConfidenceMargin >= ConfidenceThreshold,False,False,False,10,2.7774445572096869,,,False,False,120,60,60,0.5,50,0.5,50,0,0,1,1,1,1,57,3,0,0,0,TRAIN + VALIDATION ONLY,TEST SET NOT LOADED OR EVALUATED,50,60,0,,,,,False,,,False,False
c_agreement,C + Agreement,2,,PrimaryConfidenceMargin >= ConfidenceThreshold AND ModelAgreement == True,True,False,False,10,2.7052958606332651,,,False,False,120,60,60,0.5,50,0.5,50,0,0,1,1,1,1,57,3,0,0,0,TRAIN + VALIDATION ONLY,TEST SET NOT LOADED OR EVALUATED,50,60,0,,,,,False,,,False,False
c_view_sd,C + ViewSD,2,,PrimaryConfidenceMargin >= ConfidenceThreshold AND Day3StdViewProbability <= ViewSDThreshold,False,True,False,10,2.7774445572096869,0.42641146551730086,,False,False,120,60,60,0.5,50,0.5,50,0,0,1,1,1,1,57,3,0,0,0,TRAIN + VALIDATION ONLY,TEST SET NOT LOADED OR EVALUATED,50,60,0,,,,,False,,,False,False
c_agreement_view_sd,C + Agreement + ViewSD,3,,PrimaryConfidenceMargin >= ConfidenceThreshold AND ModelAgreement == True AND Day3StdViewProbability <= ViewSDThreshold,True,True,False,10,2.7052958606332651,0.42641146551730086,,False,False,120,60,60,0.5,50,0.5,50,0,0,1,1,1,1,57,3,0,0,0,TRAIN + VALIDATION ONLY,TEST SET NOT LOADED OR EVALUATED,50,60,0,,,,,False,,,False,False
c_knn,C + KNN,2,c,PrimaryConfidenceMargin >= ConfidenceThreshold AND SelectedKNNReferencePercentile <= KNNPercentileThreshold,False,False,True,10,2.7774445572096869,,100,False,False,120,60,60,0.5,50,0.5,50,0,0,1,1,1,1,57,3,0,0,0,TRAIN + VALIDATION ONLY,TEST SET NOT LOADED OR EVALUATED,50,60,0,0,0,0,0,False,0.57499999999999996,0.57499999999999996,False,False
c_agreement_knn,C + Agreement + KNN,3,c_agreement,PrimaryConfidenceMargin >= ConfidenceThreshold AND ModelAgreement == True AND SelectedKNNReferencePercentile <= KNNPercentileThreshold,True,False,True,10,2.7052958606332651,,100,False,False,120,60,60,0.5,50,0.5,50,0,0,1,1,1,1,57,3,0,0,0,TRAIN + VALIDATION ONLY,TEST SET NOT LOADED OR EVALUATED,50,60,0,0,0,0,0,False,0.56666666666666665,0.56666666666666665,False,False
c_view_sd_knn,C + ViewSD + KNN,3,c_view_sd,PrimaryConfidenceMargin >= ConfidenceThreshold AND Day3StdViewProbability <= ViewSDThreshold AND SelectedKNNReferencePercentile <= KNNPercentileThreshold,False,True,True,10,2.7774445572096869,0.42641146551730086,100,False,False,120,60,60,0.5,50,0.5,50,0,0,1,1,1,1,57,3,0,0,0,TRAIN + VALIDATION ONLY,TEST SET NOT LOADED OR EVALUATED,50,60,0,0,0,0,0,False,0.57499999999999996,0.57499999999999996,False,False
c_agreement_view_sd_knn,C + Agreement + ViewSD + KNN,4,c_agreement_view_sd,PrimaryConfidenceMargin >= ConfidenceThreshold AND ModelAgreement == True AND Day3StdViewProbability <= ViewSDThreshold AND SelectedKNNReferencePercentile <= KNNPercentileThreshold,True,True,True,10,2.7052958606332651,0.42641146551730086,100,False,False,120,60,60,0.5,50,0.5,50,0,0,1,1,1,1,57,3,0,0,0,TRAIN + VALIDATION ONLY,TEST SET NOT LOADED OR EVALUATED,50,60,0,0,0,0,0,False,0.56666666666666665,0.56666666666666665,False,False
c,C,1,,PrimaryConfidenceMargin >= ConfidenceThreshold,False,False,False,10,2.1398537110154803,,,False,False,120,72,48,0.59999999999999998,60,0.40000000000000002,40,2,0.027777777777777776,0.97222222222222221,0.98360655737704916,0.90909090909090906,0.94634873323397906,60,10,1,1,1,TRAIN + VALIDATION ONLY,TEST SET NOT LOADED OR EVALUATED,60,72,0,,,,,False,,,False,False
c_agreement,C + Agreement,2,,PrimaryConfidenceMargin >= ConfidenceThreshold AND ModelAgreement == True,True,False,False,10,2.1209951772525115,,,False,False,120,72,48,0.59999999999999998,60,0.40000000000000002,40,2,0.027777777777777776,0.97222222222222221,0.98333333333333328,0.91666666666666663,0.94999999999999996,59,11,1,1,1,TRAIN + VALIDATION ONLY,TEST SET NOT LOADED OR EVALUATED,60,72,0,,,,,False,,,False,False
c_view_sd,C + ViewSD,2,,PrimaryConfidenceMargin >= ConfidenceThreshold AND Day3StdViewProbability <= ViewSDThreshold,False,True,False,10,1.9866783804094184,0.3184758880922276,,True,False,120,72,48,0.59999999999999998,60,0.40000000000000002,40,1,0.013888888888888888,0.98611111111111116,0.98305084745762716,1,0.99152542372881358,58,13,0,1,1,TRAIN + VALIDATION ONLY,TEST SET NOT LOADED OR EVALUATED,60,72,0,,,,,False,,,False,False
c_agreement_view_sd,C + Agreement + ViewSD,3,,PrimaryConfidenceMargin >= ConfidenceThreshold AND ModelAgreement == True AND Day3StdViewProbability <= ViewSDThreshold,True,True,False,10,2.0679146061648486,0.33322164747457844,,True,False,120,72,48,0.59999999999999998,60,0.40000000000000002,40,1,0.013888888888888888,0.98611111111111116,0.98305084745762716,1,0.99152542372881358,58,13,0,1,1,TRAIN + VALIDATION ONLY,TEST SET NOT LOADED OR EVALUATED,60,72,0,,,,,False,,,False,False
c_knn,C + KNN,2,c,PrimaryConfidenceMargin >= ConfidenceThreshold AND SelectedKNNReferencePercentile <= KNNPercentileThreshold,False,False,True,10,2.1284394988275337,,99.484536082474222,False,True,120,72,48,0.59999999999999998,60,0.40000000000000002,40,2,0.027777777777777776,0.97222222222222221,0.98333333333333328,0.91666666666666663,0.94999999999999996,59,11,1,1,1,TRAIN + VALIDATION ONLY,TEST SET NOT LOADED OR EVALUATED,60,72,0,2,1,0,0,False,0.60833333333333328,0.72499999999999998,True,True
c_agreement_knn,C + Agreement + KNN,3,c_agreement,PrimaryConfidenceMargin >= ConfidenceThreshold AND ModelAgreement == True AND SelectedKNNReferencePercentile <= KNNPercentileThreshold,True,False,True,10,2.0679146061648486,,98.453608247422679,False,True,120,72,48,0.59999999999999998,60,0.40000000000000002,40,1,0.013888888888888888,0.98611111111111116,0.98305084745762716,1,0.99152542372881358,58,13,0,1,1,TRAIN + VALIDATION ONLY,TEST SET NOT LOADED OR EVALUATED,60,72,0,2,1,1,0,True,0.57499999999999996,0.75,True,True
c_view_sd_knn,C + ViewSD + KNN,3,c_view_sd,PrimaryConfidenceMargin >= ConfidenceThreshold AND Day3StdViewProbability <= ViewSDThreshold AND SelectedKNNReferencePercentile <= KNNPercentileThreshold,False,True,True,10,1.9866783804094184,0.3184758880922276,100,True,False,120,72,48,0.59999999999999998,60,0.40000000000000002,40,1,0.013888888888888888,0.98611111111111116,0.98305084745762716,1,0.99152542372881358,58,13,0,1,1,TRAIN + VALIDATION ONLY,TEST SET NOT LOADED OR EVALUATED,60,72,0,1,1,0,0,False,0.7416666666666667,0.7416666666666667,False,False
c_agreement_view_sd_knn,C + Agreement + ViewSD + KNN,4,c_agreement_view_sd,PrimaryConfidenceMargin >= ConfidenceThreshold AND ModelAgreement == True AND Day3StdViewProbability <= ViewSDThreshold AND SelectedKNNReferencePercentile <= KNNPercentileThreshold,True,True,True,10,2.0679146061648486,0.33322164747457844,100,True,False,120,72,48,0.59999999999999998,60,0.40000000000000002,40,1,0.013888888888888888,0.98611111111111116,0.98305084745762716,1,0.99152542372881358,58,13,0,1,1,TRAIN + VALIDATION ONLY,TEST SET NOT LOADED OR EVALUATED,60,72,0,1,1,0,0,False,0.75,0.75,False,False
c,C,1,,PrimaryConfidenceMargin >= ConfidenceThreshold,False,False,False,10,1.7864629547709412,,,False,False,120,84,36,0.69999999999999996,70,0.29999999999999999,30,3,0.035714285714285712,0.9642857142857143,0.97014925373134331,0.94117647058823528,0.95566286215978935,65,16,1,2,2,TRAIN + VALIDATION ONLY,TEST SET NOT LOADED OR EVALUATED,70,84,0,,,,,False,,,False,False
c_agreement,C + Agreement,2,,PrimaryConfidenceMargin >= ConfidenceThreshold AND ModelAgreement == True,True,False,False,10,1.7292572105420478,,,False,False,120,84,36,0.69999999999999996,70,0.29999999999999999,30,2,0.023809523809523808,0.97619047619047616,0.98461538461538467,0.94736842105263153,0.96599190283400804,64,18,1,1,1,TRAIN + VALIDATION ONLY,TEST SET NOT LOADED OR EVALUATED,70,84,0,,,,,False,,,False,False
c_view_sd,C + ViewSD,2,,PrimaryConfidenceMargin >= ConfidenceThreshold AND Day3StdViewProbability <= ViewSDThreshold,False,True,False,10,1.2172114485182921,0.31222281576648309,,True,False,120,84,36,0.69999999999999996,70,0.29999999999999999,30,1,0.011904761904761904,0.98809523809523814,0.9838709677419355,1,0.99193548387096775,61,22,0,1,1,TRAIN + VALIDATION ONLY,TEST SET NOT LOADED OR EVALUATED,70,84,0,,,,,False,,,False,False
c_agreement_view_sd,C + Agreement + ViewSD,3,,PrimaryConfidenceMargin >= ConfidenceThreshold AND ModelAgreement == True AND Day3StdViewProbability <= ViewSDThreshold,True,True,False,10,1.5050770738603521,0.33322164747457844,,True,False,120,84,36,0.69999999999999996,70,0.29999999999999999,30,1,0.011904761904761904,0.98809523809523814,0.98412698412698407,1,0.99206349206349209,62,21,0,1,1,TRAIN + VALIDATION ONLY,TEST SET NOT LOADED OR EVALUATED,70,84,0,,,,,False,,,False,False
c_knn,C + KNN,2,c,PrimaryConfidenceMargin >= ConfidenceThreshold AND SelectedKNNReferencePercentile <= KNNPercentileThreshold,False,False,True,10,1.6859737917447295,,98.453608247422679,False,True,120,84,36,0.69999999999999996,70,0.29999999999999999,30,2,0.023809523809523808,0.97619047619047616,0.96875,1,0.984375,62,20,0,2,2,TRAIN + VALIDATION ONLY,TEST SET NOT LOADED OR EVALUATED,70,84,0,3,2,1,0,True,0.60833333333333328,0.72499999999999998,True,True
c_agreement_knn,C + Agreement + KNN,3,c_agreement,PrimaryConfidenceMargin >= ConfidenceThreshold AND ModelAgreement == True AND SelectedKNNReferencePercentile <= KNNPercentileThreshold,True,False,True,10,1.6118236613357837,,98.453608247422679,False,True,120,84,36,0.69999999999999996,70,0.29999999999999999,30,1,0.011904761904761904,0.98809523809523814,0.98412698412698407,1,0.99206349206349209,62,21,0,1,1,TRAIN + VALIDATION ONLY,TEST SET NOT LOADED OR EVALUATED,70,84,0,2,1,1,0,True,0.57499999999999996,0.75,True,True
c_view_sd_knn,C + ViewSD + KNN,3,c_view_sd,PrimaryConfidenceMargin >= ConfidenceThreshold AND Day3StdViewProbability <= ViewSDThreshold AND SelectedKNNReferencePercentile <= KNNPercentileThreshold,False,True,True,10,1.2172114485182921,0.31222281576648309,100,True,False,120,84,36,0.69999999999999996,70,0.29999999999999999,30,1,0.011904761904761904,0.98809523809523814,0.9838709677419355,1,0.99193548387096775,61,22,0,1,1,TRAIN + VALIDATION ONLY,TEST SET NOT LOADED OR EVALUATED,70,84,0,1,1,0,0,False,0.7416666666666667,0.7416666666666667,False,False
c_agreement_view_sd_knn,C + Agreement + ViewSD + KNN,4,c_agreement_view_sd,PrimaryConfidenceMargin >= ConfidenceThreshold AND ModelAgreement == True AND Day3StdViewProbability <= ViewSDThreshold AND SelectedKNNReferencePercentile <= KNNPercentileThreshold,True,True,True,10,1.5050770738603521,0.33322164747457844,100,True,False,120,84,36,0.69999999999999996,70,0.29999999999999999,30,1,0.011904761904761904,0.98809523809523814,0.98412698412698407,1,0.99206349206349209,62,21,0,1,1,TRAIN + VALIDATION ONLY,TEST SET NOT LOADED OR EVALUATED,70,84,0,1,1,0,0,False,0.75,0.75,False,False
c,C,1,,PrimaryConfidenceMargin >= ConfidenceThreshold,False,False,False,10,1.6118236613357837,,,False,False,120,90,30,0.75,75,0.25,25,3,0.033333333333333333,0.96666666666666667,0.97058823529411764,0.95454545454545459,0.96256684491978617,66,21,1,2,2,TRAIN + VALIDATION ONLY,TEST SET NOT LOADED OR EVALUATED,75,90,0,,,,,False,,,False,False
c_agreement,C + Agreement,2,,PrimaryConfidenceMargin >= ConfidenceThreshold AND ModelAgreement == True,True,False,False,10,1.4022270844412561,,,False,False,120,90,30,0.75,75,0.25,25,2,0.022222222222222223,0.97777777777777775,0.9850746268656716,0.95652173913043481,0.97079818299805321,66,22,1,1,1,TRAIN + VALIDATION ONLY,TEST SET NOT LOADED OR EVALUATED,75,90,0,,,,,False,,,False,False
c_view_sd,C + ViewSD,2,,PrimaryConfidenceMargin >= ConfidenceThreshold AND Day3StdViewProbability <= ViewSDThreshold,False,True,False,10,0.73695406291178678,0.3184758880922276,,True,False,120,90,30,0.75,75,0.25,25,2,0.022222222222222223,0.97777777777777775,0.96969696969696972,1,0.98484848484848486,64,24,0,2,2,TRAIN + VALIDATION ONLY,TEST SET NOT LOADED OR EVALUATED,75,90,0,,,,,False,,,False,False
c_agreement_view_sd,C + Agreement + ViewSD,3,,PrimaryConfidenceMargin >= ConfidenceThreshold AND ModelAgreement == True AND Day3StdViewProbability <= ViewSDThreshold,True,True,False,10,0.83179976063869354,0.33322164747457844,,True,False,120,90,30,0.75,75,0.25,25,1,0.011111111111111112,0.98888888888888893,0.98484848484848486,1,0.99242424242424243,65,24,0,1,1,TRAIN + VALIDATION ONLY,TEST SET NOT LOADED OR EVALUATED,75,90,0,,,,,False,,,False,False
c_knn,C + KNN,2,c,PrimaryConfidenceMargin >= ConfidenceThreshold AND SelectedKNNReferencePercentile <= KNNPercentileThreshold,False,False,True,10,1.6118236613357837,,100,False,False,120,90,30,0.75,75,0.25,25,3,0.033333333333333333,0.96666666666666667,0.97058823529411764,0.95454545454545459,0.96256684491978617,66,21,1,2,2,TRAIN + VALIDATION ONLY,TEST SET NOT LOADED OR EVALUATED,75,90,0,3,2,0,0,False,0.7583333333333333,0.77500000000000002,True,True
c_agreement_knn,C + Agreement + KNN,3,c_agreement,PrimaryConfidenceMargin >= ConfidenceThreshold AND ModelAgreement == True AND SelectedKNNReferencePercentile <= KNNPercentileThreshold,True,False,True,10,0.73695406291178678,,98.453608247422679,False,True,120,90,30,0.75,75,0.25,25,1,0.011111111111111112,0.98888888888888893,0.98484848484848486,1,0.99242424242424243,65,24,0,1,1,TRAIN + VALIDATION ONLY,TEST SET NOT LOADED OR EVALUATED,75,90,0,2,1,1,0,True,0.57499999999999996,0.75,True,True
c_view_sd_knn,C + ViewSD + KNN,3,c_view_sd,PrimaryConfidenceMargin >= ConfidenceThreshold AND Day3StdViewProbability <= ViewSDThreshold AND SelectedKNNReferencePercentile <= KNNPercentileThreshold,False,True,True,10,0.73695406291178678,0.3184758880922276,100,True,False,120,90,30,0.75,75,0.25,25,2,0.022222222222222223,0.97777777777777775,0.96969696969696972,1,0.98484848484848486,64,24,0,2,2,TRAIN + VALIDATION ONLY,TEST SET NOT LOADED OR EVALUATED,75,90,0,2,2,0,0,False,0.7583333333333333,0.7583333333333333,False,False
c_agreement_view_sd_knn,C + Agreement + ViewSD + KNN,4,c_agreement_view_sd,PrimaryConfidenceMargin >= ConfidenceThreshold AND ModelAgreement == True AND Day3StdViewProbability <= ViewSDThreshold AND SelectedKNNReferencePercentile <= KNNPercentileThreshold,True,True,True,10,0.83179976063869354,0.33322164747457844,100,True,False,120,90,30,0.75,75,0.25,25,1,0.011111111111111112,0.98888888888888893,0.98484848484848486,1,0.99242424242424243,65,24,0,1,1,TRAIN + VALIDATION ONLY,TEST SET NOT LOADED OR EVALUATED,75,90,0,1,1,0,0,False,0.75,0.75,False,False
c,C,1,,PrimaryConfidenceMargin >= ConfidenceThreshold,False,False,False,10,1.13739060061254,,,False,False,120,96,24,0.80000000000000004,80,0.20000000000000001,20,4,0.041666666666666664,0.95833333333333337,0.95774647887323938,0.95999999999999996,0.95887323943661973,68,24,1,3,3,TRAIN + VALIDATION ONLY,TEST SET NOT LOADED OR EVALUATED,80,96,0,,,,,False,,,False,False
c_agreement,C + Agreement,2,,PrimaryConfidenceMargin >= ConfidenceThreshold AND ModelAgreement == True,True,False,False,10,0.83179976063869354,,,False,False,120,96,24,0.80000000000000004,80,0.20000000000000001,20,2,0.020833333333333332,0.97916666666666663,0.9859154929577465,0.95999999999999996,0.97295774647887323,70,24,1,1,1,TRAIN + VALIDATION ONLY,TEST SET NOT LOADED OR EVALUATED,80,96,0,,,,,False,,,False,False
c_view_sd,C + ViewSD,2,,PrimaryConfidenceMargin >= ConfidenceThreshold AND Day3StdViewProbability <= ViewSDThreshold,False,True,False,10,0.0021789637962887909,0.28696844019511142,,True,False,120,96,24,0.80000000000000004,80,0.20000000000000001,20,4,0.041666666666666664,0.95833333333333337,0.95588235294117652,0.9642857142857143,0.96008403361344541,65,27,1,3,3,TRAIN + VALIDATION ONLY,TEST SET NOT LOADED OR EVALUATED,80,96,0,,,,,False,,,False,False
c_agreement_view_sd,C + Agreement + ViewSD,3,,PrimaryConfidenceMargin >= ConfidenceThreshold AND ModelAgreement == True AND Day3StdViewProbability <= ViewSDThreshold,True,True,False,10,0.83179976063869354,0.42641146551730086,,False,False,120,96,24,0.80000000000000004,80,0.20000000000000001,20,2,0.020833333333333332,0.97916666666666663,0.9859154929577465,0.95999999999999996,0.97295774647887323,70,24,1,1,1,TRAIN + VALIDATION ONLY,TEST SET NOT LOADED OR EVALUATED,80,96,0,,,,,False,,,False,False
c_knn,C + KNN,2,c,PrimaryConfidenceMargin >= ConfidenceThreshold AND SelectedKNNReferencePercentile <= KNNPercentileThreshold,False,False,True,10,1.13739060061254,,100,False,False,120,96,24,0.80000000000000004,80,0.20000000000000001,20,4,0.041666666666666664,0.95833333333333337,0.95774647887323938,0.95999999999999996,0.95887323943661973,68,24,1,3,3,TRAIN + VALIDATION ONLY,TEST SET NOT LOADED OR EVALUATED,80,96,0,4,3,0,0,False,0.82499999999999996,0.82499999999999996,False,False
c_agreement_knn,C + Agreement + KNN,3,c_agreement,PrimaryConfidenceMargin >= ConfidenceThreshold AND ModelAgreement == True AND SelectedKNNReferencePercentile <= KNNPercentileThreshold,True,False,True,10,0.83179976063869354,,100,False,False,120,96,24,0.80000000000000004,80,0.20000000000000001,20,2,0.020833333333333332,0.97916666666666663,0.9859154929577465,0.95999999999999996,0.97295774647887323,70,24,1,1,1,TRAIN + VALIDATION ONLY,TEST SET NOT LOADED OR EVALUATED,80,96,0,2,1,0,0,False,0.80000000000000004,0.80000000000000004,False,False
c_view_sd_knn,C + ViewSD + KNN,3,c_view_sd,PrimaryConfidenceMargin >= ConfidenceThreshold AND Day3StdViewProbability <= ViewSDThreshold AND SelectedKNNReferencePercentile <= KNNPercentileThreshold,False,True,True,10,0.0021789637962887909,0.28696844019511142,100,True,False,120,96,24,0.80000000000000004,80,0.20000000000000001,20,4,0.041666666666666664,0.95833333333333337,0.95588235294117652,0.9642857142857143,0.96008403361344541,65,27,1,3,3,TRAIN + VALIDATION ONLY,TEST SET NOT LOADED OR EVALUATED,80,96,0,4,3,0,0,False,0.82499999999999996,0.82499999999999996,False,False
c_agreement_view_sd_knn,C + Agreement + ViewSD + KNN,4,c_agreement_view_sd,PrimaryConfidenceMargin >= ConfidenceThreshold AND ModelAgreement == True AND Day3StdViewProbability <= ViewSDThreshold AND SelectedKNNReferencePercentile <= KNNPercentileThreshold,True,True,True,10,0.83179976063869354,0.42641146551730086,100,False,False,120,96,24,0.80000000000000004,80,0.20000000000000001,20,2,0.020833333333333332,0.97916666666666663,0.9859154929577465,0.95999999999999996,0.97295774647887323,70,24,1,1,1,TRAIN + VALIDATION ONLY,TEST SET NOT LOADED OR EVALUATED,80,96,0,2,1,0,0,False,0.80000000000000004,0.80000000000000004,False,False
c,C,1,,PrimaryConfidenceMargin >= ConfidenceThreshold,False,False,False,10,0.5123573658874756,,,False,False,120,108,12,0.90000000000000002,90,0.10000000000000001,10,8,0.07407407407407407,0.92592592592592593,0.93827160493827155,0.88888888888888884,0.9135802469135802,76,24,3,5,5,TRAIN + VALIDATION ONLY,TEST SET NOT LOADED OR EVALUATED,90,108,0,,,,,False,,,False,False
c_agreement,C + Agreement,2,,PrimaryConfidenceMargin >= ConfidenceThreshold AND ModelAgreement == True,True,False,False,10,0.22019142937855252,,,False,False,120,108,12,0.90000000000000002,90,0.10000000000000001,10,6,0.055555555555555552,0.94444444444444442,0.94999999999999996,0.9285714285714286,0.93928571428571428,76,26,2,4,4,TRAIN + VALIDATION ONLY,TEST SET NOT LOADED OR EVALUATED,90,108,0,,,,,False,,,False,False
c_view_sd,C + ViewSD,2,,PrimaryConfidenceMargin >= ConfidenceThreshold AND Day3StdViewProbability <= ViewSDThreshold,False,True,False,10,0.24169623520724892,0.3519833473606262,,True,False,120,108,12,0.90000000000000002,90,0.10000000000000001,10,8,0.07407407407407407,0.92592592592592593,0.93670886075949367,0.89655172413793105,0.91663029244871241,74,26,3,5,5,TRAIN + VALIDATION ONLY,TEST SET NOT LOADED OR EVALUATED,90,108,0,,,,,False,,,False,False
c_agreement_view_sd,C + Agreement + ViewSD,3,,PrimaryConfidenceMargin >= ConfidenceThreshold AND ModelAgreement == True AND Day3StdViewProbability <= ViewSDThreshold,True,True,False,10,0.0021831670001128956,0.36718017390311741,,True,False,120,108,12,0.90000000000000002,90,0.10000000000000001,10,6,0.055555555555555552,0.94444444444444442,0.94871794871794868,0.93333333333333335,0.94102564102564101,74,28,2,4,4,TRAIN + VALIDATION ONLY,TEST SET NOT LOADED OR EVALUATED,90,108,0,,,,,False,,,False,False
c_knn,C + KNN,2,c,PrimaryConfidenceMargin >= ConfidenceThreshold AND SelectedKNNReferencePercentile <= KNNPercentileThreshold,False,False,True,10,0.5123573658874756,,100,False,False,120,108,12,0.90000000000000002,90,0.10000000000000001,10,8,0.07407407407407407,0.92592592592592593,0.93827160493827155,0.88888888888888884,0.9135802469135802,76,24,3,5,5,TRAIN + VALIDATION ONLY,TEST SET NOT LOADED OR EVALUATED,90,108,0,8,5,0,0,False,0.90833333333333333,0.90833333333333333,False,False
c_agreement_knn,C + Agreement + KNN,3,c_agreement,PrimaryConfidenceMargin >= ConfidenceThreshold AND ModelAgreement == True AND SelectedKNNReferencePercentile <= KNNPercentileThreshold,True,False,True,10,0.22019142937855252,,100,False,False,120,108,12,0.90000000000000002,90,0.10000000000000001,10,6,0.055555555555555552,0.94444444444444442,0.94999999999999996,0.9285714285714286,0.93928571428571428,76,26,2,4,4,TRAIN + VALIDATION ONLY,TEST SET NOT LOADED OR EVALUATED,90,108,0,6,4,0,0,False,0.93333333333333335,0.93333333333333335,False,False
c_view_sd_knn,C + ViewSD + KNN,3,c_view_sd,PrimaryConfidenceMargin >= ConfidenceThreshold AND Day3StdViewProbability <= ViewSDThreshold AND SelectedKNNReferencePercentile <= KNNPercentileThreshold,False,True,True,10,0.24169623520724892,0.3519833473606262,100,True,False,120,108,12,0.90000000000000002,90,0.10000000000000001,10,8,0.07407407407407407,0.92592592592592593,0.93670886075949367,0.89655172413793105,0.91663029244871241,74,26,3,5,5,TRAIN + VALIDATION ONLY,TEST SET NOT LOADED OR EVALUATED,90,108,0,8,5,0,0,False,0.93333333333333335,0.93333333333333335,False,False
c_agreement_view_sd_knn,C + Agreement + ViewSD + KNN,4,c_agreement_view_sd,PrimaryConfidenceMargin >= ConfidenceThreshold AND ModelAgreement == True AND Day3StdViewProbability <= ViewSDThreshold AND SelectedKNNReferencePercentile <= KNNPercentileThreshold,True,True,True,10,0.0021831670001128956,0.36718017390311741,100,True,False,120,108,12,0.90000000000000002,90,0.10000000000000001,10,6,0.055555555555555552,0.94444444444444442,0.94871794871794868,0.93333333333333335,0.94102564102564101,74,28,2,4,4,TRAIN + VALIDATION ONLY,TEST SET NOT LOADED OR EVALUATED,90,108,0,6,4,0,0,False,0.93333333333333335,0.93333333333333335,False,False
