Check,Status,Observed,Expected,Severity,DataScope,TestStatus
input exists: train_eye_embeddings.csv,PASS,True,True,HARD FAIL,TRAIN + VALIDATION ONLY,TEST SET NOT LOADED OR EVALUATED
input SHA-256: train_eye_embeddings.csv,PASS,4c51fdfd5e4bcc5583974c43d9e0563105ebb04e18f019c65236a236d06b77d8,4c51fdfd5e4bcc5583974c43d9e0563105ebb04e18f019c65236a236d06b77d8,HARD FAIL,TRAIN + VALIDATION ONLY,TEST SET NOT LOADED OR EVALUATED
input exists: val_eye_embeddings.csv,PASS,True,True,HARD FAIL,TRAIN + VALIDATION ONLY,TEST SET NOT LOADED OR EVALUATED
input SHA-256: val_eye_embeddings.csv,PASS,22563615dd5e2d61ad0cdbdc8225084abd2a5a7a878333eec5d946f05bd22045,22563615dd5e2d61ad0cdbdc8225084abd2a5a7a878333eec5d946f05bd22045,HARD FAIL,TRAIN + VALIDATION ONLY,TEST SET NOT LOADED OR EVALUATED
input exists: val_reliability_signals.csv,PASS,True,True,HARD FAIL,TRAIN + VALIDATION ONLY,TEST SET NOT LOADED OR EVALUATED
input SHA-256: val_reliability_signals.csv,PASS,a767b163b3565a9fe664068c5fd18e96e4f13bf4dea7040ee179f098b477edb8,a767b163b3565a9fe664068c5fd18e96e4f13bf4dea7040ee179f098b477edb8,HARD FAIL,TRAIN + VALIDATION ONLY,TEST SET NOT LOADED OR EVALUATED
input exists: feature_distribution_comparison.csv,PASS,True,True,HARD FAIL,TRAIN + VALIDATION ONLY,TEST SET NOT LOADED OR EVALUATED
input SHA-256: feature_distribution_comparison.csv,PASS,bb976c0d8ce461be6164caf4ca97e93b09142d4c07a0b9500f996180e4a1ea30,bb976c0d8ce461be6164caf4ca97e93b09142d4c07a0b9500f996180e4a1ea30,HARD FAIL,TRAIN + VALIDATION ONLY,TEST SET NOT LOADED OR EVALUATED
input exists: feature_distribution_metadata.json,PASS,True,True,HARD FAIL,TRAIN + VALIDATION ONLY,TEST SET NOT LOADED OR EVALUATED
input SHA-256: feature_distribution_metadata.json,PASS,192cea121197165bbe1a3ecb41d55d4b4eb373b9d18a06237c79ee410631fc24,192cea121197165bbe1a3ecb41d55d4b4eb373b9d18a06237c79ee410631fc24,HARD FAIL,TRAIN + VALIDATION ONLY,TEST SET NOT LOADED OR EVALUATED
input exists: frozen_routing_rules.json,PASS,True,True,HARD FAIL,TRAIN + VALIDATION ONLY,TEST SET NOT LOADED OR EVALUATED
input SHA-256: frozen_routing_rules.json,PASS,d042f0032068e0528a64122cc5fde967fe3d7240db95be7606ac3b7390c0ced3,d042f0032068e0528a64122cc5fde967fe3d7240db95be7606ac3b7390c0ced3,HARD FAIL,TRAIN + VALIDATION ONLY,TEST SET NOT LOADED OR EVALUATED
input exists: best_model.pt,PASS,True,True,HARD FAIL,TRAIN + VALIDATION ONLY,TEST SET NOT LOADED OR EVALUATED
input SHA-256: best_model.pt,PASS,3c6d402ddbd2d1055cb68458bc6f5a7c880ac683a4527ff5171cc6f2408c754b,3c6d402ddbd2d1055cb68458bc6f5a7c880ac683a4527ff5171cc6f2408c754b,HARD FAIL,TRAIN + VALIDATION ONLY,TEST SET NOT LOADED OR EVALUATED
Day-4 checkpoint class mapping,PASS,"{'Normal': 0, 'Abnormal': 1}","{'Normal': 0, 'Abnormal': 1}",HARD FAIL,TRAIN + VALIDATION ONLY,TEST SET NOT LOADED OR EVALUATED
Day-4 classifier weight exists,PASS,True,True,HARD FAIL,TRAIN + VALIDATION ONLY,TEST SET NOT LOADED OR EVALUATED
Day-4 classifier weight shape,PASS,"(2, 512)","(2, 512)",HARD FAIL,TRAIN + VALIDATION ONLY,TEST SET NOT LOADED OR EVALUATED
classifier direction finite and nonzero,PASS,0.8085006110096069,> 1e-12,HARD FAIL,TRAIN + VALIDATION ONLY,TEST SET NOT LOADED OR EVALUATED
training embeddings required columns,PASS,[],[],HARD FAIL,TRAIN + VALIDATION ONLY,TEST SET NOT LOADED OR EVALUATED
validation embeddings required columns,PASS,[],[],HARD FAIL,TRAIN + VALIDATION ONLY,TEST SET NOT LOADED OR EVALUATED
validation reliability required columns,PASS,[],[],HARD FAIL,TRAIN + VALIDATION ONLY,TEST SET NOT LOADED OR EVALUATED
existing feature comparison required columns,PASS,[],[],HARD FAIL,TRAIN + VALIDATION ONLY,TEST SET NOT LOADED OR EVALUATED
training eye count,PASS,560,560,HARD FAIL,TRAIN + VALIDATION ONLY,TEST SET NOT LOADED OR EVALUATED
validation eye count,PASS,120,120,HARD FAIL,TRAIN + VALIDATION ONLY,TEST SET NOT LOADED OR EVALUATED
training EyeExamID unique,PASS,0,0,HARD FAIL,TRAIN + VALIDATION ONLY,TEST SET NOT LOADED OR EVALUATED
validation EyeExamID unique,PASS,0,0,HARD FAIL,TRAIN + VALIDATION ONLY,TEST SET NOT LOADED OR EVALUATED
train/validation eye disjoint,PASS,0,0,HARD FAIL,TRAIN + VALIDATION ONLY,TEST SET NOT LOADED OR EVALUATED
train/validation subject disjoint,PASS,0,0,HARD FAIL,TRAIN + VALIDATION ONLY,TEST SET NOT LOADED OR EVALUATED
labels restricted to Normal/Abnormal,PASS,"['Abnormal', 'Normal']","['Abnormal', 'Normal']",HARD FAIL,TRAIN + VALIDATION ONLY,TEST SET NOT LOADED OR EVALUATED
saved training correctness reproduces,PASS,all rows,exact,HARD FAIL,TRAIN + VALIDATION ONLY,TEST SET NOT LOADED OR EVALUATED
saved validation correctness reproduces,PASS,all rows,exact,HARD FAIL,TRAIN + VALIDATION ONLY,TEST SET NOT LOADED OR EVALUATED
training feature matrix finite 560x512,PASS,"(560, 512)","(560, 512)",HARD FAIL,TRAIN + VALIDATION ONLY,TEST SET NOT LOADED OR EVALUATED
validation feature matrix finite 120x512,PASS,"(120, 512)","(120, 512)",HARD FAIL,TRAIN + VALIDATION ONLY,TEST SET NOT LOADED OR EVALUATED
validation/reliability identity mapping,PASS,compared,exact equality,HARD FAIL,TRAIN + VALIDATION ONLY,TEST SET NOT LOADED OR EVALUATED
validation/reliability predictions match,PASS,compared,exact equality,HARD FAIL,TRAIN + VALIDATION ONLY,TEST SET NOT LOADED OR EVALUATED
validation/existing comparison eye set,PASS,compared,exact equality,HARD FAIL,TRAIN + VALIDATION ONLY,TEST SET NOT LOADED OR EVALUATED
existing selected k is 10,PASS,[10],[10],HARD FAIL,TRAIN + VALIDATION ONLY,TEST SET NOT LOADED OR EVALUATED
existing centroid percentile reproduces reliability,PASS,0.0,0.0,HARD FAIL,TRAIN + VALIDATION ONLY,TEST SET NOT LOADED OR EVALUATED
Abnormal correctly classified reference count,PASS,388,388,HARD FAIL,TRAIN + VALIDATION ONLY,TEST SET NOT LOADED OR EVALUATED
Abnormal residuals orthogonal to classifier direction,PASS,1.970645868709653e-15,<= 1e-10,HARD FAIL,TRAIN + VALIDATION ONLY,TEST SET NOT LOADED OR EVALUATED
Abnormal PCA uses 32 whitened components,PASS,32,32,HARD FAIL,TRAIN + VALIDATION ONLY,TEST SET NOT LOADED OR EVALUATED
Abnormal PCA coordinates finite,PASS,True,True,HARD FAIL,TRAIN + VALIDATION ONLY,TEST SET NOT LOADED OR EVALUATED
Abnormal LOO 10-NN distances finite,PASS,"min=3.645501334580589, max=9.308584681504035",finite and >0,HARD FAIL,TRAIN + VALIDATION ONLY,TEST SET NOT LOADED OR EVALUATED
Normal correctly classified reference count,PASS,121,121,HARD FAIL,TRAIN + VALIDATION ONLY,TEST SET NOT LOADED OR EVALUATED
Normal residuals orthogonal to classifier direction,PASS,8.326672684688674e-16,<= 1e-10,HARD FAIL,TRAIN + VALIDATION ONLY,TEST SET NOT LOADED OR EVALUATED
Normal PCA uses 32 whitened components,PASS,32,32,HARD FAIL,TRAIN + VALIDATION ONLY,TEST SET NOT LOADED OR EVALUATED
Normal PCA coordinates finite,PASS,True,True,HARD FAIL,TRAIN + VALIDATION ONLY,TEST SET NOT LOADED OR EVALUATED
Normal LOO 10-NN distances finite,PASS,"min=4.799394263607167, max=8.975996208408475",finite and >0,HARD FAIL,TRAIN + VALIDATION ONLY,TEST SET NOT LOADED OR EVALUATED
validation residual-PCA distances finite,PASS,True,True,HARD FAIL,TRAIN + VALIDATION ONLY,TEST SET NOT LOADED OR EVALUATED
"validation residual-PCA percentiles in [0,100]",PASS,"min=0.0, max=92.78350515463917","[0,100]",HARD FAIL,TRAIN + VALIDATION ONLY,TEST SET NOT LOADED OR EVALUATED
validation contains the locked 10 Day-4 errors,PASS,10,10,HARD FAIL,TRAIN + VALIDATION ONLY,TEST SET NOT LOADED OR EVALUATED
frozen routing artifact status,PASS,FROZEN,FROZEN,HARD FAIL,TRAIN + VALIDATION ONLY,TEST SET NOT LOADED OR EVALUATED
frozen balanced rule exists,PASS,"['balanced_agreement_view_sd', 'conservative_zero_error']",contains balanced_agreement_view_sd,HARD FAIL,TRAIN + VALIDATION ONLY,TEST SET NOT LOADED OR EVALUATED
frozen balanced rule has no feature gate,PASS,,,HARD FAIL,TRAIN + VALIDATION ONLY,TEST SET NOT LOADED OR EVALUATED
frozen balanced rule accepted count reproduces,PASS,90,90,HARD FAIL,TRAIN + VALIDATION ONLY,TEST SET NOT LOADED OR EVALUATED
frozen balanced rule error count reproduces,PASS,1,1,HARD FAIL,TRAIN + VALIDATION ONLY,TEST SET NOT LOADED OR EVALUATED
frozen balanced rule FN reproduces,PASS,1,1,HARD FAIL,TRAIN + VALIDATION ONLY,TEST SET NOT LOADED OR EVALUATED
frozen balanced rule has exactly one accepted error,PASS,1,1,HARD FAIL,TRAIN + VALIDATION ONLY,TEST SET NOT LOADED OR EVALUATED
exactly one additional routing gate evaluated,PASS,"rows=2, additional=1",2 rows: frozen baseline plus exactly 1 follow-up,HARD FAIL,TRAIN + VALIDATION ONLY,TEST SET NOT LOADED OR EVALUATED
all locked inputs unchanged during analysis,PASS,all compared,all pinned SHA-256 unchanged,HARD FAIL,TRAIN + VALIDATION ONLY,TEST SET NOT LOADED OR EVALUATED
loaded input set equals fixed allowlist,PASS,7,7,HARD FAIL,TRAIN + VALIDATION ONLY,TEST SET NOT LOADED OR EVALUATED
no loaded input path names a test artifact,PASS,"['best_model.pt', 'feature_distribution_comparison.csv', 'feature_distribution_metadata.json', 'frozen_routing_rules.json', 'train_eye_embeddings.csv', 'val_eye_embeddings.csv', 'val_reliability_signals.csv']",no test-named inputs,HARD FAIL,TRAIN + VALIDATION ONLY,TEST SET NOT LOADED OR EVALUATED
no model retraining or image inference performed,PASS,True,True,HARD FAIL,TRAIN + VALIDATION ONLY,TEST SET NOT LOADED OR EVALUATED
frozen routing artifact not modified,PASS,d042f0032068e0528a64122cc5fde967fe3d7240db95be7606ac3b7390c0ced3,d042f0032068e0528a64122cc5fde967fe3d7240db95be7606ac3b7390c0ced3,HARD FAIL,TRAIN + VALIDATION ONLY,TEST SET NOT LOADED OR EVALUATED
