Full__AcceptedCount,Full__Coverage,Full__AcceptedErrors,Full__AcceptedErrorRate,Full__FalseNegativesAmongAccepted,Full__AcceptedBalancedAccuracy,Full__FeaturePercentileThreshold,Full__FeatureGateActive,Ablation__AcceptedCount,Ablation__Coverage,Ablation__AcceptedErrors,Ablation__AcceptedErrorRate,Ablation__FalseNegativesAmongAccepted,Ablation__AcceptedBalancedAccuracy,FeatureImprovesAcceptedErrors,FeatureImprovesFalseNegatives,AcceptedErrorDeltaFullMinusAblation,FalseNegativeDeltaFullMinusAblation
0,0,0,,0,,98.360655737704917,False,0,0,0,,0,,False,False,0,0
1,0.0083333333333333332,0,0,0,,98.360655737704917,False,1,0.0083333333333333332,0,0,0,,False,False,0,0
2,0.016666666666666666,0,0,0,,98.360655737704917,False,2,0.016666666666666666,0,0,0,,False,False,0,0
3,0.025000000000000001,0,0,0,,98.360655737704917,False,3,0.025000000000000001,0,0,0,,False,False,0,0
4,0.033333333333333333,0,0,0,,98.360655737704917,False,4,0.033333333333333333,0,0,0,,False,False,0,0
5,0.041666666666666664,0,0,0,,98.360655737704917,False,5,0.041666666666666664,0,0,0,,False,False,0,0
6,0.050000000000000003,0,0,0,,98.360655737704917,False,6,0.050000000000000003,0,0,0,,False,False,0,0
7,0.058333333333333334,0,0,0,,98.360655737704917,False,7,0.058333333333333334,0,0,0,,False,False,0,0
8,0.066666666666666666,0,0,0,,98.360655737704917,False,8,0.066666666666666666,0,0,0,,False,False,0,0
9,0.074999999999999997,0,0,0,1,21.311475409836067,True,9,0.074999999999999997,0,0,0,,False,False,0,0
10,0.083333333333333329,0,0,0,1,21.311475409836067,True,10,0.083333333333333329,0,0,0,,False,False,0,0
11,0.09166666666666666,0,0,0,1,23.195876288659793,True,11,0.09166666666666666,0,0,0,,False,False,0,0
12,0.10000000000000001,0,0,0,1,29.508196721311474,True,12,0.10000000000000001,0,0,0,,False,False,0,0
13,0.10833333333333334,0,0,0,1,44.329896907216494,True,13,0.10833333333333334,0,0,0,,False,False,0,0
14,0.11666666666666667,0,0,0,1,45.360824742268044,True,14,0.11666666666666667,0,0,0,,False,False,0,0
15,0.125,0,0,0,1,49.180327868852459,True,15,0.125,0,0,0,,False,False,0,0
16,0.13333333333333333,0,0,0,1,51.546391752577321,True,16,0.13333333333333333,0,0,0,,False,False,0,0
17,0.14166666666666666,0,0,0,1,98.360655737704917,False,17,0.14166666666666666,0,0,0,1,False,False,0,0
18,0.14999999999999999,0,0,0,1,98.360655737704917,False,18,0.14999999999999999,0,0,0,1,False,False,0,0
19,0.15833333333333333,0,0,0,1,98.360655737704917,False,19,0.15833333333333333,0,0,0,1,False,False,0,0
20,0.16666666666666666,0,0,0,1,98.360655737704917,False,20,0.16666666666666666,0,0,0,1,False,False,0,0
21,0.17499999999999999,0,0,0,1,98.360655737704917,False,21,0.17499999999999999,0,0,0,1,False,False,0,0
22,0.18333333333333332,0,0,0,1,98.360655737704917,False,22,0.18333333333333332,0,0,0,1,False,False,0,0
23,0.19166666666666668,0,0,0,1,98.360655737704917,False,23,0.19166666666666668,0,0,0,1,False,False,0,0
24,0.20000000000000001,0,0,0,1,98.360655737704917,False,24,0.20000000000000001,0,0,0,1,False,False,0,0
25,0.20833333333333334,0,0,0,1,98.360655737704917,False,25,0.20833333333333334,0,0,0,1,False,False,0,0
26,0.21666666666666667,0,0,0,1,98.360655737704917,False,26,0.21666666666666667,0,0,0,1,False,False,0,0
27,0.22500000000000001,0,0,0,1,98.360655737704917,False,27,0.22500000000000001,0,0,0,1,False,False,0,0
28,0.23333333333333334,0,0,0,1,98.360655737704917,False,28,0.23333333333333334,0,0,0,1,False,False,0,0
29,0.24166666666666667,0,0,0,1,98.360655737704917,False,29,0.24166666666666667,0,0,0,1,False,False,0,0
30,0.25,0,0,0,1,98.360655737704917,False,30,0.25,0,0,0,1,False,False,0,0
31,0.25833333333333336,0,0,0,1,98.360655737704917,False,31,0.25833333333333336,0,0,0,1,False,False,0,0
32,0.26666666666666666,0,0,0,1,98.360655737704917,False,32,0.26666666666666666,0,0,0,1,False,False,0,0
33,0.27500000000000002,0,0,0,1,98.360655737704917,False,33,0.27500000000000002,0,0,0,1,False,False,0,0
34,0.28333333333333333,0,0,0,1,98.360655737704917,False,34,0.28333333333333333,0,0,0,1,False,False,0,0
35,0.29166666666666669,0,0,0,1,98.360655737704917,False,35,0.29166666666666669,0,0,0,1,False,False,0,0
36,0.29999999999999999,0,0,0,1,98.360655737704917,False,36,0.29999999999999999,0,0,0,1,False,False,0,0
37,0.30833333333333335,0,0,0,1,98.360655737704917,False,37,0.30833333333333335,0,0,0,1,False,False,0,0
38,0.31666666666666665,0,0,0,1,98.360655737704917,False,38,0.31666666666666665,0,0,0,1,False,False,0,0
39,0.32500000000000001,0,0,0,1,98.360655737704917,False,39,0.32500000000000001,0,0,0,1,False,False,0,0
40,0.33333333333333331,0,0,0,1,98.360655737704917,False,40,0.33333333333333331,0,0,0,1,False,False,0,0
41,0.34166666666666667,0,0,0,1,98.360655737704917,False,41,0.34166666666666667,0,0,0,1,False,False,0,0
42,0.34999999999999998,0,0,0,1,98.360655737704917,False,42,0.34999999999999998,0,0,0,1,False,False,0,0
43,0.35833333333333334,0,0,0,1,98.360655737704917,False,43,0.35833333333333334,0,0,0,1,False,False,0,0
44,0.36666666666666664,0,0,0,1,98.360655737704917,False,44,0.36666666666666664,0,0,0,1,False,False,0,0
45,0.375,0,0,0,1,98.360655737704917,False,45,0.375,0,0,0,1,False,False,0,0
46,0.38333333333333336,0,0,0,1,98.360655737704917,False,46,0.38333333333333336,0,0,0,1,False,False,0,0
47,0.39166666666666666,0,0,0,1,98.360655737704917,False,47,0.39166666666666666,0,0,0,1,False,False,0,0
48,0.40000000000000002,0,0,0,1,98.360655737704917,False,48,0.40000000000000002,0,0,0,1,False,False,0,0
49,0.40833333333333333,0,0,0,1,98.360655737704917,False,49,0.40833333333333333,0,0,0,1,False,False,0,0
50,0.41666666666666669,0,0,0,1,98.360655737704917,False,50,0.41666666666666669,0,0,0,1,False,False,0,0
51,0.42499999999999999,0,0,0,1,98.360655737704917,False,51,0.42499999999999999,0,0,0,1,False,False,0,0
52,0.43333333333333335,0,0,0,1,98.360655737704917,False,52,0.43333333333333335,0,0,0,1,False,False,0,0
53,0.44166666666666665,0,0,0,1,98.360655737704917,False,53,0.44166666666666665,0,0,0,1,False,False,0,0
54,0.45000000000000001,0,0,0,1,98.360655737704917,False,54,0.45000000000000001,0,0,0,1,False,False,0,0
55,0.45833333333333331,0,0,0,1,98.360655737704917,False,55,0.45833333333333331,0,0,0,1,False,False,0,0
56,0.46666666666666667,0,0,0,1,98.360655737704917,False,56,0.46666666666666667,0,0,0,1,False,False,0,0
57,0.47499999999999998,0,0,0,1,98.360655737704917,False,57,0.47499999999999998,0,0,0,1,False,False,0,0
58,0.48333333333333334,0,0,0,1,98.360655737704917,False,58,0.48333333333333334,0,0,0,1,False,False,0,0
59,0.49166666666666664,0,0,0,1,98.360655737704917,False,59,0.49166666666666664,0,0,0,1,False,False,0,0
60,0.5,0,0,0,1,98.360655737704917,False,60,0.5,0,0,0,1,False,False,0,0
61,0.5083333333333333,0,0,0,1,98.360655737704917,False,61,0.5083333333333333,0,0,0,1,False,False,0,0
62,0.51666666666666672,0,0,0,1,98.360655737704917,False,62,0.51666666666666672,0,0,0,1,False,False,0,0
63,0.52500000000000002,0,0,0,1,98.360655737704917,False,63,0.52500000000000002,0,0,0,1,False,False,0,0
64,0.53333333333333333,0,0,0,1,98.360655737704917,False,64,0.53333333333333333,0,0,0,1,False,False,0,0
65,0.54166666666666663,0,0,0,1,98.360655737704917,False,65,0.54166666666666663,0,0,0,1,False,False,0,0
66,0.55000000000000004,0,0,0,1,98.360655737704917,False,66,0.55000000000000004,0,0,0,1,False,False,0,0
67,0.55833333333333335,0,0,0,1,98.360655737704917,False,67,0.55833333333333335,0,0,0,1,False,False,0,0
68,0.56666666666666665,0,0,0,1,98.360655737704917,False,68,0.56666666666666665,0,0,0,1,False,False,0,0
69,0.57499999999999996,1,0.014492753623188406,0,0.94999999999999996,98.360655737704917,False,69,0.57499999999999996,1,0.014492753623188406,0,0.94999999999999996,False,False,0,0
70,0.58333333333333337,1,0.014285714285714285,1,0.99152542372881358,98.360655737704917,False,70,0.58333333333333337,1,0.014285714285714285,1,0.99152542372881358,False,False,0,0
71,0.59166666666666667,1,0.014084507042253521,1,0.99152542372881358,98.360655737704917,False,71,0.59166666666666667,1,0.014084507042253521,1,0.99152542372881358,False,False,0,0
72,0.59999999999999998,1,0.013888888888888888,1,0.99152542372881358,98.360655737704917,False,72,0.59999999999999998,1,0.013888888888888888,1,0.99152542372881358,False,False,0,0
73,0.60833333333333328,1,0.013698630136986301,1,0.9916666666666667,98.360655737704917,False,73,0.60833333333333328,1,0.013698630136986301,1,0.9916666666666667,False,False,0,0
74,0.6166666666666667,1,0.013513513513513514,1,0.99180327868852458,98.360655737704917,False,74,0.6166666666666667,1,0.013513513513513514,1,0.99180327868852458,False,False,0,0
75,0.625,1,0.013333333333333334,1,0.99180327868852458,98.360655737704917,False,75,0.625,1,0.013333333333333334,1,0.99180327868852458,False,False,0,0
76,0.6333333333333333,1,0.013157894736842105,1,0.99193548387096775,98.360655737704917,False,76,0.6333333333333333,1,0.013157894736842105,1,0.99193548387096775,False,False,0,0
77,0.64166666666666672,1,0.012987012987012988,1,0.99193548387096775,98.360655737704917,False,77,0.64166666666666672,1,0.012987012987012988,1,0.99193548387096775,False,False,0,0
78,0.65000000000000002,1,0.01282051282051282,1,0.99193548387096775,98.360655737704917,False,78,0.65000000000000002,1,0.01282051282051282,1,0.99193548387096775,False,False,0,0
79,0.65833333333333333,1,0.012658227848101266,1,0.99206349206349209,98.360655737704917,False,79,0.65833333333333333,1,0.012658227848101266,1,0.99206349206349209,False,False,0,0
80,0.66666666666666663,1,0.012500000000000001,1,0.99206349206349209,98.360655737704917,False,80,0.66666666666666663,1,0.012500000000000001,1,0.99206349206349209,False,False,0,0
81,0.67500000000000004,1,0.012345679012345678,1,0.99206349206349209,98.360655737704917,False,81,0.67500000000000004,1,0.012345679012345678,1,0.99206349206349209,False,False,0,0
82,0.68333333333333335,1,0.012195121951219513,1,0.99206349206349209,98.360655737704917,False,82,0.68333333333333335,1,0.012195121951219513,1,0.99206349206349209,False,False,0,0
83,0.69166666666666665,1,0.012048192771084338,1,0.99206349206349209,98.360655737704917,False,83,0.69166666666666665,1,0.012048192771084338,1,0.99206349206349209,False,False,0,0
84,0.69999999999999996,1,0.011904761904761904,1,0.99206349206349209,98.360655737704917,False,84,0.69999999999999996,1,0.011904761904761904,1,0.99206349206349209,False,False,0,0
85,0.70833333333333337,1,0.011764705882352941,1,0.99206349206349209,98.360655737704917,False,85,0.70833333333333337,1,0.011764705882352941,1,0.99206349206349209,False,False,0,0
86,0.71666666666666667,1,0.011627906976744186,1,0.9921875,98.360655737704917,False,86,0.71666666666666667,1,0.011627906976744186,1,0.9921875,False,False,0,0
87,0.72499999999999998,1,0.011494252873563218,1,0.9921875,98.360655737704917,False,87,0.72499999999999998,1,0.011494252873563218,1,0.9921875,False,False,0,0
88,0.73333333333333328,1,0.011363636363636364,1,0.9921875,98.360655737704917,False,88,0.73333333333333328,1,0.011363636363636364,1,0.9921875,False,False,0,0
89,0.7416666666666667,1,0.011235955056179775,1,0.99230769230769234,98.360655737704917,False,89,0.7416666666666667,1,0.011235955056179775,1,0.99230769230769234,False,False,0,0
90,0.75,1,0.011111111111111112,1,0.99242424242424243,98.360655737704917,False,90,0.75,1,0.011111111111111112,1,0.99242424242424243,False,False,0,0
91,0.7583333333333333,2,0.02197802197802198,1,0.97242424242424241,98.360655737704917,False,91,0.7583333333333333,2,0.02197802197802198,1,0.97242424242424241,False,False,0,0
92,0.76666666666666672,2,0.021739130434782608,1,0.97253731343283578,98.360655737704917,False,92,0.76666666666666672,2,0.021739130434782608,1,0.97253731343283578,False,False,0,0
93,0.77500000000000002,2,0.021505376344086023,1,0.97264705882352942,98.360655737704917,False,93,0.77500000000000002,2,0.021505376344086023,1,0.97264705882352942,False,False,0,0
94,0.78333333333333333,2,0.021276595744680851,1,0.97275362318840575,98.360655737704917,False,94,0.78333333333333333,2,0.021276595744680851,1,0.97275362318840575,False,False,0,0
95,0.79166666666666663,2,0.021052631578947368,1,0.97285714285714286,98.360655737704917,False,95,0.79166666666666663,2,0.021052631578947368,1,0.97285714285714286,False,False,0,0
96,0.80000000000000004,2,0.020833333333333332,1,0.97295774647887323,98.360655737704917,False,96,0.80000000000000004,2,0.020833333333333332,1,0.97295774647887323,False,False,0,0
97,0.80833333333333335,3,0.030927835051546393,1,0.95449620801733481,98.360655737704917,False,97,0.80833333333333335,3,0.030927835051546393,1,0.95449620801733481,False,False,0,0
98,0.81666666666666665,3,0.030612244897959183,1,0.95459401709401714,98.360655737704917,False,98,0.81666666666666665,3,0.030612244897959183,1,0.95459401709401714,False,False,0,0
99,0.82499999999999996,3,0.030303030303030304,1,0.95468914646996839,98.360655737704917,False,99,0.82499999999999996,3,0.030303030303030304,1,0.95468914646996839,False,False,0,0
100,0.83333333333333337,4,0.040000000000000001,2,0.94802494802494808,98.360655737704917,False,100,0.83333333333333337,4,0.040000000000000001,2,0.94802494802494808,False,False,0,0
101,0.84166666666666667,4,0.039603960396039604,2,0.94820512820512826,98.360655737704917,False,101,0.84166666666666667,4,0.039603960396039604,2,0.94820512820512826,False,False,0,0
102,0.84999999999999998,4,0.039215686274509803,2,0.94838056680161942,98.360655737704917,False,102,0.84999999999999998,4,0.039215686274509803,2,0.94838056680161942,False,False,0,0
103,0.85833333333333328,5,0.048543689320388349,3,0.94428571428571428,98.360655737704917,False,103,0.85833333333333328,5,0.048543689320388349,3,0.94428571428571428,False,False,0,0
104,0.8666666666666667,5,0.04807692307692308,3,0.94454887218045114,98.360655737704917,False,104,0.8666666666666667,5,0.04807692307692308,3,0.94454887218045114,False,False,0,0
105,0.875,5,0.047619047619047616,3,0.94480519480519476,98.360655737704917,False,105,0.875,5,0.047619047619047616,3,0.94480519480519476,False,False,0,0
106,0.8833333333333333,5,0.04716981132075472,3,0.94505494505494503,98.360655737704917,False,106,0.8833333333333333,5,0.04716981132075472,3,0.94505494505494503,False,False,0,0
107,0.89166666666666672,5,0.046728971962616821,3,0.94529837251356241,98.360655737704917,False,107,0.89166666666666672,5,0.046728971962616821,3,0.94529837251356241,False,False,0,0
108,0.90000000000000002,6,0.055555555555555552,4,0.94102564102564101,98.360655737704917,False,108,0.90000000000000002,6,0.055555555555555552,4,0.94102564102564101,False,False,0,0
109,0.90833333333333333,6,0.055045871559633031,4,0.94135021097046412,98.360655737704917,False,109,0.90833333333333333,6,0.055045871559633031,4,0.94135021097046412,False,False,0,0
110,0.91666666666666663,6,0.054545454545454543,4,0.94166666666666665,98.360655737704917,False,110,0.91666666666666663,6,0.054545454545454543,4,0.94166666666666665,False,False,0,0
111,0.92500000000000004,6,0.054054054054054057,4,0.94197530864197532,98.360655737704917,False,111,0.92500000000000004,6,0.054054054054054057,4,0.94197530864197532,False,False,0,0
112,0.93333333333333335,6,0.053571428571428568,4,0.94227642276422763,98.360655737704917,False,112,0.93333333333333335,6,0.053571428571428568,4,0.94227642276422763,False,False,0,0
